id,username,email,created_at
1,harborjourney20,harborjourney20@hackstack.io,2025-07-29 21:36:58
2,tidywindow95,tidywindow95@seeded.app,2025-08-09 17:03:44
3,brisktrail88,brisktrail88@example.com,2025-08-27 19:52:30
4,clearriver33,clearriver33@seeded.app,2024-10-03 13:09:32
5,livelymeadow17,livelymeadow17@opswise.net,2024-03-11 14:34:29
6,emberanchor55,emberanchor55@relay.cloud,2024-12-15 15:14:33
7,vividmeadow04,vividmeadow04@seeded.app,2024-11-20 11:36:01
8,cobaltgarden28,cobaltgarden28@seeded.app,2024-05-27 07:07:41
9,navybeacon80,navybeacon80@acme.dev,2024-03-30 07:46:44
10,silverharvest16,silverharvest16@opswise.net,2025-02-02 11:20:02
11,goldtrail63,goldtrail63@acme.dev,2024-12-14 11:55:57
12,silverisland93,silverisland93@hackstack.io,2025-04-21 17:30:23
13,forestisland14,forestisland14@example.com,2024-10-09 09:06:42
14,warmharvest08,warmharvest08@opswise.net,2025-05-09 07:14:14
15,goldanchor68,goldanchor68@example.com,2024-05-01 02:45:21
16,foresttrail73,foresttrail73@example.com,2024-10-06 13:33:06
17,mellowjourney92,mellowjourney92@hackstack.io,2024-09-09 14:27:53
18,mellowkernel78,mellowkernel78@hackstack.io,2025-06-27 19:32:53
19,rapidlagoon19,rapidlagoon19@example.com,2024-07-09 08:16:33
20,keenanchor96,keenanchor96@opswise.net,2024-05-11 16:15:22
21,urbanbeacon64,urbanbeacon64@relay.cloud,2025-05-07 04:39:00
22,mellowanchor13,mellowanchor13@seeded.app,2024-04-29 07:19:32
23,ambernetwork77,ambernetwork77@hackstack.io,2024-11-15 16:14:18
24,youngsignal23,youngsignal23@hackstack.io,2025-07-04 01:15:39
25,silverdelta72,silverdelta72@example.com,2024-01-05 17:55:57
26,opalanchor60,opalanchor60@relay.cloud,2026-01-21 09:22:33
27,keenfield74,keenfield74@opswise.net,2025-12-27 07:42:08
28,briskuplink01,briskuplink01@hackstack.io,2024-11-01 15:41:06
29,clearuplink19,clearuplink19@relay.cloud,2024-02-16 09:13:23
30,harborfield11,harborfield11@relay.cloud,2026-01-11 04:00:42
31,opalzenith26,opalzenith26@seeded.app,2025-04-01 13:21:17
32,calmfield28,calmfield28@seeded.app,2025-11-06 00:39:49
33,emberpioneer09,emberpioneer09@example.com,2025-03-29 02:25:45
34,livelyisland82,livelyisland82@opswise.net,2024-05-07 02:04:12
35,jadewindow10,jadewindow10@hackstack.io,2024-01-22 15:41:15
36,forestwindow04,forestwindow04@opswise.net,2025-09-06 19:09:00
37,harborisland37,harborisland37@seeded.app,2024-06-30 16:00:51
38,dawntrail88,dawntrail88@relay.cloud,2024-04-19 23:11:35
39,navydelta92,navydelta92@acme.dev,2025-04-20 15:30:17
40,warmnetwork59,warmnetwork59@opswise.net,2024-03-16 06:26:19
41,silverisland75,silverisland75@relay.cloud,2026-01-09 16:40:28
42,ivorycanyon55,ivorycanyon55@opswise.net,2025-05-19 06:54:37
43,mellowcanyon04,mellowcanyon04@acme.dev,2025-08-29 23:22:20
44,warmcanyon71,warmcanyon71@seeded.app,2024-10-06 21:54:09
45,cobaltnetwork07,cobaltnetwork07@opswise.net,2025-07-23 13:39:45
46,jadepioneer84,jadepioneer84@hackstack.io,2024-01-30 16:09:49
47,amberyard02,amberyard02@hackstack.io,2024-06-01 01:46:59
48,ivoryfield39,ivoryfield39@seeded.app,2025-03-27 07:57:09
49,navyharvest30,navyharvest30@relay.cloud,2024-03-11 08:31:12
50,warmfield00,warmfield00@example.com,2025-08-01 14:27:31
51,urbanjourney28,urbanjourney28@opswise.net,2024-01-09 13:20:35
52,dawncanyon16,dawncanyon16@opswise.net,2025-03-22 16:45:46
53,opalwindow18,opalwindow18@relay.cloud,2025-06-19 02:39:33
54,jademeadow29,jademeadow29@relay.cloud,2025-08-10 19:02:52
55,urbanbeacon38,urbanbeacon38@opswise.net,2024-01-03 05:41:00
56,briskdelta18,briskdelta18@acme.dev,2025-04-11 00:20:19
57,mellowlagoon40,mellowlagoon40@acme.dev,2025-01-03 23:16:49
58,keenfield24,keenfield24@example.com,2024-10-07 22:22:45
59,opalbeacon38,opalbeacon38@acme.dev,2025-11-29 23:54:09
60,dawntrail44,dawntrail44@hackstack.io,2024-08-29 07:30:17
61,ambergarden95,ambergarden95@example.com,2025-08-25 12:02:11
62,quietvalley53,quietvalley53@acme.dev,2025-10-12 00:21:01
63,calmquartz22,calmquartz22@hackstack.io,2024-01-19 16:42:10
64,forestjourney13,forestjourney13@example.com,2024-09-23 21:08:11
65,harbordelta29,harbordelta29@hackstack.io,2025-08-11 23:39:23
66,harborwindow64,harborwindow64@opswise.net,2025-04-16 19:17:24
67,tidygarden27,tidygarden27@example.com,2025-06-16 07:12:54
68,urbankernel86,urbankernel86@seeded.app,2025-07-17 07:32:20
69,cobaltmeadow75,cobaltmeadow75@acme.dev,2024-07-22 21:06:34
70,urbangarden14,urbangarden14@hackstack.io,2024-12-07 11:35:30
71,rapidpioneer08,rapidpioneer08@example.com,2025-03-16 04:37:57
72,proudwindow08,proudwindow08@opswise.net,2025-11-12 12:32:03
73,ivorytrail86,ivorytrail86@seeded.app,2024-11-29 17:45:25
74,tidyfield03,tidyfield03@acme.dev,2024-10-30 02:13:21
75,quietzenith52,quietzenith52@example.com,2026-01-28 18:25:36
76,silverzenith40,silverzenith40@example.com,2025-10-18 03:02:38
77,jadegarden13,jadegarden13@example.com,2024-06-24 05:47:38
78,emberanchor97,emberanchor97@relay.cloud,2025-11-05 17:30:06
79,ivorykernel99,ivorykernel99@opswise.net,2025-08-29 05:47:01
80,quietanchor59,quietanchor59@acme.dev,2024-11-10 19:45:12
81,amberyard30,amberyard30@hackstack.io,2025-10-23 14:44:46
82,youngquartz15,youngquartz15@seeded.app,2025-11-20 22:46:07
83,jadejourney01,jadejourney01@relay.cloud,2025-12-20 14:59:50
84,younggarden65,younggarden65@example.com,2025-02-19 06:03:32
85,quietharvest39,quietharvest39@example.com,2024-01-09 05:11:28
86,amberbeacon05,amberbeacon05@seeded.app,2025-03-18 03:15:17
87,livelypioneer57,livelypioneer57@acme.dev,2025-11-22 14:31:36
88,embergarden72,embergarden72@hackstack.io,2024-10-23 08:52:37
89,warmpioneer34,warmpioneer34@acme.dev,2025-06-08 20:50:05
90,proudwindow01,proudwindow01@opswise.net,2024-05-03 05:01:06
91,clearwindow66,clearwindow66@seeded.app,2024-11-22 08:11:42
92,ivorydelta61,ivorydelta61@example.com,2025-01-23 06:58:41
93,calmlagoon95,calmlagoon95@seeded.app,2026-01-20 05:53:03
94,ivorymeadow81,ivorymeadow81@relay.cloud,2024-06-10 16:51:34
95,ivoryvalley62,ivoryvalley62@relay.cloud,2025-02-01 17:53:29
96,urbantrail37,urbantrail37@relay.cloud,2024-02-21 12:33:37
97,youngmeadow21,youngmeadow21@hackstack.io,2024-08-17 00:28:34
98,youngpioneer95,youngpioneer95@relay.cloud,2024-10-03 21:43:02
99,keenjourney21,keenjourney21@hackstack.io,2025-11-30 00:58:28
100,clearbeacon30,clearbeacon30@seeded.app,2024-12-15 09:29:29
101,vividdelta75,vividdelta75@example.com,2024-04-25 14:07:42
102,cobaltkernel36,cobaltkernel36@seeded.app,2025-11-20 09:20:39
103,goldzenith23,goldzenith23@relay.cloud,2024-05-10 03:58:23
104,quietgarden45,quietgarden45@acme.dev,2024-09-03 14:47:39
105,urbanwindow91,urbanwindow91@acme.dev,2024-12-08 11:59:08
106,navymeadow88,navymeadow88@example.com,2025-04-26 06:31:34
107,urbanmeadow13,urbanmeadow13@relay.cloud,2024-11-20 23:28:49
108,goldjourney08,goldjourney08@hackstack.io,2024-04-28 00:21:57
109,rapidzenith94,rapidzenith94@example.com,2024-07-25 20:38:48
110,calmorbit68,calmorbit68@relay.cloud,2025-02-20 16:41:12
111,opalpioneer30,opalpioneer30@acme.dev,2025-07-29 17:38:51
112,embermeadow11,embermeadow11@example.com,2025-12-15 01:52:35
113,livelyquartz95,livelyquartz95@example.com,2026-01-24 15:03:51
114,embervalley30,embervalley30@relay.cloud,2025-08-21 06:17:34
115,proudwindow26,proudwindow26@hackstack.io,2025-12-23 18:39:40
116,livelyengine64,livelyengine64@relay.cloud,2025-02-23 17:31:31
117,calmuplink18,calmuplink18@example.com,2024-12-04 21:36:22
118,silverfield38,silverfield38@relay.cloud,2024-11-29 02:42:24
119,livelydelta49,livelydelta49@relay.cloud,2025-04-28 01:52:56
120,forestharvest26,forestharvest26@acme.dev,2024-11-07 09:05:03
121,ivorygarden85,ivorygarden85@example.com,2025-04-17 15:41:19
122,goldvalley66,goldvalley66@seeded.app,2026-01-17 12:32:21
123,keenbeacon50,keenbeacon50@relay.cloud,2024-08-08 09:21:16
124,silveryard15,silveryard15@hackstack.io,2024-11-04 11:48:42
125,rapidkernel11,rapidkernel11@opswise.net,2025-06-20 08:12:29
126,silverzenith47,silverzenith47@hackstack.io,2024-11-16 08:07:32
127,jadejourney51,jadejourney51@hackstack.io,2025-09-08 20:32:22
128,briskkernel69,briskkernel69@opswise.net,2025-05-15 07:00:10
129,emberanchor20,emberanchor20@example.com,2026-01-22 17:23:34
130,goldbeacon53,goldbeacon53@opswise.net,2025-09-10 17:21:45
131,harborfield90,harborfield90@seeded.app,2025-05-27 01:20:58
132,dawnharvest63,dawnharvest63@acme.dev,2025-03-03 00:00:02
133,forestzenith84,forestzenith84@hackstack.io,2025-03-06 00:57:36
134,tidylagoon77,tidylagoon77@opswise.net,2024-09-03 21:49:24
135,amberorbit36,amberorbit36@example.com,2025-07-03 19:26:17
136,silveranchor81,silveranchor81@seeded.app,2025-10-19 19:21:17
137,rapidisland83,rapidisland83@acme.dev,2025-04-10 18:30:40
138,silverengine36,silverengine36@seeded.app,2025-02-04 16:07:26
139,mellowengine35,mellowengine35@acme.dev,2025-10-18 10:37:05
140,warmharvest15,warmharvest15@relay.cloud,2025-03-16 03:33:35
141,cobaltvalley58,cobaltvalley58@acme.dev,2025-06-30 08:27:12
142,ivorycanyon11,ivorycanyon11@acme.dev,2025-09-24 09:55:40
143,ambersignal31,ambersignal31@relay.cloud,2025-08-19 15:21:59
144,youngdelta31,youngdelta31@relay.cloud,2025-02-19 10:11:25
145,warmwindow46,warmwindow46@relay.cloud,2025-11-05 05:04:35
146,tidykernel50,tidykernel50@example.com,2024-10-09 21:33:04
147,livelyzenith75,livelyzenith75@relay.cloud,2025-12-19 22:42:03
148,clearjourney47,clearjourney47@example.com,2025-11-06 12:23:23
149,rapidyard71,rapidyard71@example.com,2025-07-25 00:15:02
150,calmzenith01,calmzenith01@opswise.net,2025-10-27 03:49:03
151,cobaltuplink78,cobaltuplink78@hackstack.io,2024-01-21 09:46:08
152,mellowgarden82,mellowgarden82@opswise.net,2025-02-16 15:36:40
153,jademeadow74,jademeadow74@example.com,2025-05-13 19:05:59
154,livelyanchor67,livelyanchor67@hackstack.io,2024-06-02 05:57:44
155,youngbeacon22,youngbeacon22@acme.dev,2024-07-13 20:37:13
156,ivoryengine20,ivoryengine20@seeded.app,2025-07-02 12:13:37
157,navyuplink16,navyuplink16@opswise.net,2024-12-21 08:54:31
158,jadeharvest60,jadeharvest60@opswise.net,2025-02-21 06:26:30
159,clearsignal44,clearsignal44@acme.dev,2025-04-01 07:13:07
160,keenfield76,keenfield76@example.com,2025-06-27 00:58:22
161,ambersignal65,ambersignal65@hackstack.io,2025-09-27 06:13:15
162,silverriver30,silverriver30@seeded.app,2024-09-01 18:48:39
163,warmzenith40,warmzenith40@hackstack.io,2024-12-05 15:15:47
164,harborengine48,harborengine48@example.com,2024-11-04 08:29:47
165,ivorycanyon32,ivorycanyon32@hackstack.io,2024-06-15 23:26:54
166,clearcanyon89,clearcanyon89@relay.cloud,2024-12-22 16:27:54
167,opaluplink68,opaluplink68@seeded.app,2024-09-27 01:45:28
168,ivorydelta88,ivorydelta88@opswise.net,2025-11-07 00:19:53
169,dawnsignal56,dawnsignal56@relay.cloud,2025-06-04 22:27:43
170,quietquartz61,quietquartz61@hackstack.io,2024-12-30 03:25:09
171,foresttrail61,foresttrail61@opswise.net,2024-08-24 00:22:13
172,calmharvest26,calmharvest26@opswise.net,2025-03-29 23:22:36
173,harborpioneer90,harborpioneer90@acme.dev,2025-01-05 00:27:17
174,mellowlagoon39,mellowlagoon39@example.com,2024-11-16 19:04:19
175,harborvalley65,harborvalley65@hackstack.io,2025-11-05 03:51:45
176,jadebeacon97,jadebeacon97@acme.dev,2026-01-12 13:22:13
177,silverdelta27,silverdelta27@hackstack.io,2025-10-04 13:57:29
178,vividyard81,vividyard81@example.com,2024-07-01 22:11:18
179,ivoryuplink93,ivoryuplink93@relay.cloud,2025-06-25 02:02:14
180,urbanengine34,urbanengine34@example.com,2025-07-07 02:07:09
181,urbanvalley58,urbanvalley58@seeded.app,2024-03-11 01:00:22
182,tidylagoon40,tidylagoon40@opswise.net,2025-09-14 13:18:29
183,rapidwindow53,rapidwindow53@example.com,2024-06-28 18:48:58
184,tidyriver65,tidyriver65@acme.dev,2024-10-09 04:29:08
185,rapidisland93,rapidisland93@acme.dev,2025-11-10 19:26:18
186,warmuplink79,warmuplink79@acme.dev,2025-05-05 10:55:02
187,dawnorbit32,dawnorbit32@relay.cloud,2025-03-24 19:33:50
188,emberorbit17,emberorbit17@seeded.app,2025-03-10 06:39:07
189,goldharvest48,goldharvest48@hackstack.io,2025-07-22 21:31:12
190,navyengine43,navyengine43@example.com,2024-10-12 15:41:02
191,forestmeadow73,forestmeadow73@hackstack.io,2025-11-13 19:09:07
192,dawnquartz89,dawnquartz89@acme.dev,2024-11-25 10:32:50
193,silverlagoon36,silverlagoon36@acme.dev,2024-07-12 07:08:24
194,dawntrail79,dawntrail79@seeded.app,2025-01-06 02:35:46
195,urbanlagoon83,urbanlagoon83@opswise.net,2024-02-10 08:34:19
196,calmuplink19,calmuplink19@relay.cloud,2025-03-07 10:25:53
197,silveranchor69,silveranchor69@seeded.app,2024-06-20 16:15:53
198,silverfield90,silverfield90@acme.dev,2025-08-15 21:09:51
199,keenlagoon54,keenlagoon54@relay.cloud,2024-04-20 05:00:41
200,navywindow05,navywindow05@opswise.net,2024-09-15 05:15:16
201,emberharvest74,emberharvest74@seeded.app,2025-08-09 16:40:42
202,livelytrail14,livelytrail14@hackstack.io,2025-09-21 03:57:58
203,warmorbit74,warmorbit74@example.com,2024-12-17 16:19:13
204,urbangarden57,urbangarden57@relay.cloud,2024-02-15 22:51:53
205,ivorygarden83,ivorygarden83@hackstack.io,2024-04-19 08:28:32
206,forestkernel07,forestkernel07@acme.dev,2024-07-18 10:40:01
207,forestvalley31,forestvalley31@acme.dev,2024-02-12 15:38:53
208,mellowwindow45,mellowwindow45@acme.dev,2024-01-24 18:53:36
209,rapidzenith12,rapidzenith12@hackstack.io,2024-04-07 12:00:52
210,calmsignal43,calmsignal43@relay.cloud,2024-11-26 11:23:20
211,silverbeacon66,silverbeacon66@acme.dev,2024-11-24 16:53:22
212,tidyriver98,tidyriver98@hackstack.io,2024-11-16 13:35:23
213,keenvalley65,keenvalley65@relay.cloud,2024-11-26 03:52:19
214,warmsignal80,warmsignal80@seeded.app,2025-11-16 11:04:33
215,ivoryzenith40,ivoryzenith40@example.com,2025-08-11 00:18:26
216,youngcanyon82,youngcanyon82@opswise.net,2025-10-01 13:27:53
217,keenisland35,keenisland35@seeded.app,2024-02-12 09:13:33
218,vividriver82,vividriver82@acme.dev,2024-01-08 11:07:18
219,vividorbit79,vividorbit79@acme.dev,2025-05-27 15:00:21
220,dawnjourney79,dawnjourney79@acme.dev,2024-05-28 14:44:48
221,amberriver30,amberriver30@relay.cloud,2025-03-07 08:52:32
222,ivorytrail42,ivorytrail42@acme.dev,2024-02-18 13:11:24
223,warmlagoon19,warmlagoon19@seeded.app,2025-05-03 19:27:39
224,quietquartz34,quietquartz34@example.com,2025-01-01 17:43:16
225,tidylagoon25,tidylagoon25@acme.dev,2025-08-18 13:27:31
226,silverfield63,silverfield63@acme.dev,2025-07-29 03:16:17
227,silverfield73,silverfield73@hackstack.io,2024-09-20 03:39:47
228,proudmeadow68,proudmeadow68@seeded.app,2025-08-28 03:20:24
229,mellowuplink09,mellowuplink09@hackstack.io,2024-05-01 21:39:42
230,mellowvalley90,mellowvalley90@seeded.app,2024-04-15 11:55:38
231,dawnriver31,dawnriver31@relay.cloud,2024-01-23 22:58:37
232,proudzenith70,proudzenith70@hackstack.io,2025-02-07 11:40:12
233,opalmeadow39,opalmeadow39@opswise.net,2025-02-22 03:05:03
234,emberjourney13,emberjourney13@opswise.net,2025-03-17 23:17:02
235,ivorycanyon40,ivorycanyon40@relay.cloud,2025-05-05 17:01:13
236,silverriver35,silverriver35@hackstack.io,2024-08-22 21:33:50
237,briskquartz47,briskquartz47@opswise.net,2024-08-15 00:56:15
238,amberriver06,amberriver06@relay.cloud,2024-09-05 13:23:26
239,clearyard89,clearyard89@acme.dev,2024-03-04 18:26:05
240,calmgarden92,calmgarden92@seeded.app,2025-07-20 05:40:29
241,mellownetwork85,mellownetwork85@relay.cloud,2024-11-13 04:00:20
242,ivoryyard24,ivoryyard24@opswise.net,2025-01-30 18:03:09
243,livelyengine22,livelyengine22@acme.dev,2025-03-12 04:35:43
244,urbancanyon00,urbancanyon00@acme.dev,2025-05-07 05:40:13
245,briskkernel79,briskkernel79@opswise.net,2024-01-26 05:46:44
246,clearkernel14,clearkernel14@relay.cloud,2025-06-03 01:46:53
247,jadeyard52,jadeyard52@acme.dev,2024-10-07 15:50:57
248,quietorbit75,quietorbit75@hackstack.io,2024-01-06 19:29:00
249,calmpioneer68,calmpioneer68@opswise.net,2024-12-29 21:00:05
250,cobalttrail41,cobalttrail41@acme.dev,2024-07-04 10:39:55
251,keenfield63,keenfield63@opswise.net,2024-03-11 02:30:16
252,navyjourney22,navyjourney22@example.com,2025-02-11 06:13:55
253,jaderiver68,jaderiver68@opswise.net,2025-02-14 02:01:33
254,quietuplink77,quietuplink77@example.com,2025-03-02 11:32:39
255,dawnriver83,dawnriver83@example.com,2025-02-22 22:20:48
256,warmkernel96,warmkernel96@relay.cloud,2024-10-02 01:41:47
257,warmquartz19,warmquartz19@opswise.net,2024-09-14 20:40:53
258,harborlagoon49,harborlagoon49@hackstack.io,2025-01-24 13:29:10
259,vividkernel25,vividkernel25@relay.cloud,2025-07-19 13:37:00
260,keenengine30,keenengine30@relay.cloud,2025-10-28 18:24:10
261,quietdelta22,quietdelta22@example.com,2025-11-21 09:00:47
262,youngtrail00,youngtrail00@relay.cloud,2024-08-04 02:00:06
263,keenquartz38,keenquartz38@relay.cloud,2025-08-11 13:56:49
264,keenwindow75,keenwindow75@hackstack.io,2024-03-22 04:09:57
265,dawnsignal96,dawnsignal96@example.com,2024-06-24 11:29:52
266,forestjourney69,forestjourney69@relay.cloud,2025-02-18 07:36:29
267,rapidpioneer72,rapidpioneer72@relay.cloud,2025-12-24 16:37:50
268,ivorylagoon46,ivorylagoon46@relay.cloud,2024-08-25 17:52:37
269,forestharvest33,forestharvest33@hackstack.io,2024-12-20 14:18:02
270,mellowjourney25,mellowjourney25@seeded.app,2025-04-25 00:34:38
271,quietjourney47,quietjourney47@example.com,2025-06-09 19:16:18
272,forestnetwork34,forestnetwork34@acme.dev,2024-10-17 14:44:52
273,mellowmeadow61,mellowmeadow61@hackstack.io,2024-01-23 01:44:15
274,rapidorbit27,rapidorbit27@acme.dev,2025-08-31 19:10:35
275,opaltrail77,opaltrail77@acme.dev,2024-07-24 19:49:03
276,cobaltnetwork84,cobaltnetwork84@relay.cloud,2024-05-13 05:14:27
277,ivorytrail99,ivorytrail99@example.com,2025-09-25 16:49:18
278,tidynetwork23,tidynetwork23@acme.dev,2025-01-28 21:16:59
279,livelyfield70,livelyfield70@acme.dev,2024-02-01 20:19:12
280,goldsignal51,goldsignal51@acme.dev,2024-09-28 00:32:06
281,goldzenith52,goldzenith52@acme.dev,2025-10-03 14:40:59
282,briskisland90,briskisland90@hackstack.io,2024-01-19 16:33:39
283,emberlagoon91,emberlagoon91@seeded.app,2024-04-15 01:35:43
284,clearfield61,clearfield61@relay.cloud,2025-01-01 20:03:31
285,ivoryfield87,ivoryfield87@relay.cloud,2025-10-15 14:26:32
286,harborisland67,harborisland67@example.com,2024-09-28 17:29:50
287,jadevalley13,jadevalley13@acme.dev,2024-01-28 18:08:03
288,youngzenith63,youngzenith63@acme.dev,2025-05-03 20:38:50
289,mellowuplink33,mellowuplink33@acme.dev,2024-06-30 16:30:42
290,proudriver20,proudriver20@relay.cloud,2025-10-18 23:36:48
291,briskfield73,briskfield73@relay.cloud,2025-06-10 09:56:34
292,warmuplink79,warmuplink79@hackstack.io,2025-12-29 06:27:54
293,calmnetwork06,calmnetwork06@opswise.net,2025-07-04 05:16:20
294,tidyengine36,tidyengine36@relay.cloud,2024-01-20 10:48:52
295,silverquartz74,silverquartz74@seeded.app,2024-10-15 15:57:17
296,navyanchor38,navyanchor38@relay.cloud,2025-07-04 18:36:38
297,jadekernel88,jadekernel88@acme.dev,2025-09-16 19:28:40
298,keenriver26,keenriver26@hackstack.io,2024-05-16 16:07:42
299,warmlagoon29,warmlagoon29@seeded.app,2025-03-03 06:02:22
300,ivoryorbit37,ivoryorbit37@opswise.net,2024-11-01 17:22:25
301,keenzenith12,keenzenith12@acme.dev,2024-04-20 14:58:25
302,foresttrail43,foresttrail43@seeded.app,2025-04-22 03:01:03
303,forestfield96,forestfield96@hackstack.io,2024-06-11 02:07:39
304,tidyriver70,tidyriver70@example.com,2026-01-23 11:23:52
305,cobaltnetwork24,cobaltnetwork24@acme.dev,2025-10-13 04:45:51
306,youngquartz22,youngquartz22@seeded.app,2025-08-29 21:50:53
307,quietisland77,quietisland77@example.com,2024-06-23 10:12:59
308,opalzenith48,opalzenith48@opswise.net,2025-09-02 03:35:35
309,quietsignal42,quietsignal42@hackstack.io,2024-03-29 11:41:53
310,ivoryharvest95,ivoryharvest95@seeded.app,2025-06-21 11:37:01
311,clearfield63,clearfield63@seeded.app,2024-04-16 01:23:28
312,livelywindow13,livelywindow13@seeded.app,2025-08-24 12:52:01
313,vividkernel43,vividkernel43@example.com,2024-11-11 22:25:38
314,livelyfield38,livelyfield38@acme.dev,2024-08-17 04:40:08
315,cobaltharvest52,cobaltharvest52@relay.cloud,2026-01-21 02:21:52
316,vividquartz25,vividquartz25@opswise.net,2024-07-28 09:43:14
317,calmvalley76,calmvalley76@seeded.app,2024-07-22 17:12:32
318,vividquartz46,vividquartz46@example.com,2024-07-27 10:28:16
319,emberorbit06,emberorbit06@relay.cloud,2025-01-14 12:21:02
320,youngquartz70,youngquartz70@relay.cloud,2026-01-25 23:27:59
321,tidyzenith94,tidyzenith94@example.com,2024-12-31 22:02:16
322,cobaltpioneer38,cobaltpioneer38@relay.cloud,2025-07-25 07:12:17
323,forestgarden81,forestgarden81@opswise.net,2024-12-30 01:43:37
324,livelyengine59,livelyengine59@example.com,2025-02-19 22:22:28
325,quietisland14,quietisland14@seeded.app,2025-02-18 18:17:08
326,opalbeacon12,opalbeacon12@hackstack.io,2024-07-01 07:42:19
327,calmgarden17,calmgarden17@acme.dev,2025-03-29 12:00:54
328,briskcanyon46,briskcanyon46@seeded.app,2026-02-01 20:05:19
329,dawnanchor64,dawnanchor64@hackstack.io,2024-01-18 08:49:38
330,clearorbit68,clearorbit68@example.com,2024-12-08 22:37:50
331,silveranchor39,silveranchor39@hackstack.io,2024-11-04 23:32:56
332,harborcanyon77,harborcanyon77@seeded.app,2025-09-20 01:40:56
333,opalanchor39,opalanchor39@relay.cloud,2025-10-03 21:49:38
334,jadeyard86,jadeyard86@relay.cloud,2025-01-13 17:16:38
335,jadevalley39,jadevalley39@seeded.app,2024-04-08 09:13:04
336,dawngarden93,dawngarden93@hackstack.io,2025-04-11 12:12:02
337,clearvalley65,clearvalley65@hackstack.io,2024-11-01 20:23:58
338,rapidfield24,rapidfield24@acme.dev,2025-05-17 04:39:44
339,cobaltsignal04,cobaltsignal04@relay.cloud,2025-12-13 04:53:32
340,vividnetwork46,vividnetwork46@seeded.app,2024-09-18 09:28:00
341,goldfield17,goldfield17@opswise.net,2025-01-15 07:04:23
342,silverfield44,silverfield44@relay.cloud,2024-04-17 15:20:45
343,harborwindow67,harborwindow67@acme.dev,2024-10-05 23:21:09
344,urbancanyon14,urbancanyon14@opswise.net,2024-02-10 08:31:34
345,silveruplink47,silveruplink47@hackstack.io,2026-01-07 02:52:15
346,rapidengine33,rapidengine33@example.com,2024-09-27 03:35:03
347,calmzenith28,calmzenith28@hackstack.io,2024-05-10 22:47:29
348,quietquartz74,quietquartz74@relay.cloud,2025-11-09 20:09:17
349,tidysignal72,tidysignal72@example.com,2024-10-04 04:14:26
350,mellowmeadow65,mellowmeadow65@acme.dev,2024-03-15 08:11:02
351,tidydelta58,tidydelta58@acme.dev,2024-02-11 22:44:10
352,vividjourney77,vividjourney77@acme.dev,2025-06-12 08:22:18
353,emberorbit14,emberorbit14@acme.dev,2025-09-13 23:15:20
354,ivorycanyon95,ivorycanyon95@relay.cloud,2025-05-20 22:21:22
355,jadeorbit80,jadeorbit80@acme.dev,2024-10-03 23:16:02
356,keenquartz59,keenquartz59@hackstack.io,2025-03-30 18:23:59
357,proudmeadow59,proudmeadow59@hackstack.io,2025-07-06 03:34:37
358,forestlagoon15,forestlagoon15@example.com,2025-12-19 00:30:59
359,proudanchor63,proudanchor63@relay.cloud,2025-03-31 14:26:45
360,briskisland46,briskisland46@seeded.app,2025-01-06 07:11:46
361,goldlagoon72,goldlagoon72@seeded.app,2025-06-23 10:08:00
362,harbormeadow86,harbormeadow86@acme.dev,2024-11-12 14:19:57
363,silveryard35,silveryard35@acme.dev,2024-08-07 20:33:28
364,tidytrail70,tidytrail70@relay.cloud,2025-05-17 12:48:38
365,goldorbit03,goldorbit03@acme.dev,2025-10-03 16:03:07
366,ivorynetwork56,ivorynetwork56@opswise.net,2024-04-17 19:42:21
367,calmharvest31,calmharvest31@acme.dev,2025-10-18 16:54:36
368,silvergarden98,silvergarden98@hackstack.io,2024-12-08 15:51:38
369,proudnetwork86,proudnetwork86@hackstack.io,2025-01-19 22:49:33
370,silverharvest48,silverharvest48@hackstack.io,2024-07-23 09:26:19
371,jadedelta37,jadedelta37@opswise.net,2024-09-04 21:33:43
372,goldpioneer64,goldpioneer64@opswise.net,2025-02-11 18:34:09
373,forestanchor77,forestanchor77@acme.dev,2025-10-21 16:31:09
374,proudriver26,proudriver26@opswise.net,2025-04-23 11:32:36
375,urbanwindow02,urbanwindow02@example.com,2025-10-10 16:12:18
376,warmtrail61,warmtrail61@relay.cloud,2024-09-24 17:11:38
377,keenwindow89,keenwindow89@example.com,2024-07-14 00:06:12
378,opalbeacon90,opalbeacon90@hackstack.io,2025-01-11 21:34:45
379,youngfield29,youngfield29@acme.dev,2024-05-28 15:34:48
380,ambervalley92,ambervalley92@seeded.app,2025-10-31 04:44:54
381,amberquartz19,amberquartz19@opswise.net,2024-10-28 11:00:14
382,ivoryanchor07,ivoryanchor07@relay.cloud,2025-12-17 00:59:55
383,navylagoon89,navylagoon89@example.com,2025-11-02 06:18:57
384,vividmeadow08,vividmeadow08@acme.dev,2024-04-16 22:53:18
385,warmwindow59,warmwindow59@seeded.app,2024-09-04 14:43:03
386,quietsignal06,quietsignal06@opswise.net,2025-02-18 16:08:46
387,amberfield15,amberfield15@seeded.app,2024-06-27 18:49:31
388,quiettrail86,quiettrail86@relay.cloud,2025-06-21 00:29:53
389,ivoryriver79,ivoryriver79@example.com,2025-06-30 15:20:40
390,forestengine16,forestengine16@acme.dev,2025-10-12 12:04:15
391,jadesignal48,jadesignal48@example.com,2024-03-07 23:32:35
392,proudpioneer11,proudpioneer11@seeded.app,2025-08-13 21:25:47
393,goldengine49,goldengine49@acme.dev,2024-06-16 17:08:51
394,calmpioneer68,calmpioneer68@acme.dev,2025-05-28 02:33:29
395,ivoryvalley70,ivoryvalley70@relay.cloud,2025-12-17 09:43:22
396,embervalley51,embervalley51@acme.dev,2024-11-19 22:08:07
397,amberisland91,amberisland91@seeded.app,2025-03-09 13:27:11
398,younglagoon91,younglagoon91@opswise.net,2025-05-08 07:44:43
399,keengarden63,keengarden63@hackstack.io,2025-10-11 16:51:07
400,dawnquartz68,dawnquartz68@opswise.net,2025-08-26 03:44:30
